<?xml version="1.0" encoding="UTF-8"?>
<metadata xml:lang="cs"><Esri><CreaDate>20151230</CreaDate><CreaTime>16434700</CreaTime><ArcGISFormat>1.0</ArcGISFormat><SyncOnce>TRUE</SyncOnce><DataProperties><lineage><Process ToolSource="c:\esri\arcgis\desktop10.3\ArcToolbox\Toolboxes\Data Management Tools.tbx\CalculateField" Date="20151202" Time="153506">CalculateField bd15_Prah73.shp_lyr TYP 'svisla obvodova stena' PYTHON_9.3 #</Process><Process ToolSource="c:\esri\arcgis\desktop10.3\ArcToolbox\Toolboxes\Data Management Tools.tbx\CalculateField" Date="20151202" Time="153509">CalculateField bd15_Prah73.shp_lyr TYP 'vodorovna stresni plocha' PYTHON_9.3 #</Process><Process ToolSource="c:\esri\arcgis\desktop10.3\ArcToolbox\Toolboxes\Data Management Tools.tbx\CalculateField" Date="20151202" Time="153511">CalculateField bd15_Prah73.shp_lyr TYP 'sikma stresni plocha' PYTHON_9.3 #</Process><Process ToolSource="c:\esri\arcgis\desktop10.3\ArcToolbox\Toolboxes\Data Management Tools.tbx\CalculateField" Date="20151202" Time="153511">CalculateField bd15_Prah73.shp_lyr TYP 'dilci plocha stresni kruhove plochy' PYTHON_9.3 #</Process><Process ToolSource="c:\esri\arcgis\desktop10.3\ArcToolbox\Toolboxes\Data Management Tools.tbx\CalculateField" Date="20151202" Time="153512">CalculateField bd15_Prah73.shp_lyr TYP 'vikyr_stresni nastavba' PYTHON_9.3 #</Process><Process ToolSource="c:\esri\arcgis\desktop10.3\ArcToolbox\Toolboxes\Data Management Tools.tbx\CalculateField" Date="20151202" Time="153512">CalculateField bd15_Prah73.shp_lyr TYP 'komin' PYTHON_9.3 #</Process><Process ToolSource="c:\esri\arcgis\desktop10.3\ArcToolbox\Toolboxes\Data Management Tools.tbx\CalculateField" Date="20151202" Time="153513">CalculateField bd15_Prah73.shp_lyr TYP 'vyznacna vez na strese' PYTHON_9.3 #</Process><Process ToolSource="c:\esri\arcgis\desktop10.3\ArcToolbox\Toolboxes\Data Management Tools.tbx\CalculateField" Date="20151202" Time="153513">CalculateField bd15_Prah73.shp_lyr TYP 'vytah_vetrani_klimatizace' PYTHON_9.3 #</Process><Process ToolSource="c:\esri\arcgis\desktop10.3\ArcToolbox\Toolboxes\Data Management Tools.tbx\CalculateField" Date="20151202" Time="153517">CalculateField bd15_Prah73.shp_lyr AKTUALIZAC '201508' PYTHON_9.3 #</Process><Process ToolSource="c:\esri\arcgis\desktop10.3\ArcToolbox\Toolboxes\Data Management Tools.tbx\CalculateField" Date="20151202" Time="153521">CalculateField bd15_Prah73.shp_lyr AKTUALIZAC '201508' PYTHON_9.3 #</Process><Process ToolSource="c:\esri\arcgis\desktop10.3\ArcToolbox\Toolboxes\Data Management Tools.tbx\AddField" Date="20151221" Time="141749">AddField K:\2015\Projekty_IPR\3D_model\publikace\budovy_shp\bd15_Prah73.shp KU_KOD_3d LONG # # # # NULLABLE NON_REQUIRED #</Process><Process ToolSource="c:\esri\arcgis\desktop10.3\ArcToolbox\Toolboxes\Data Management Tools.tbx\CalculateField" Date="20151221" Time="141814">CalculateField K:\2015\Projekty_IPR\3D_model\publikace\budovy_shp\bd15_Prah73.shp KU_KOD_3d !KU_CISLO! PYTHON_9.3 #</Process><Process ToolSource="c:\esri\arcgis\desktop10.3\ArcToolbox\Toolboxes\Data Management Tools.tbx\AddField" Date="20151221" Time="141831">AddField K:\2015\Projekty_IPR\3D_model\publikace\budovy_shp\bd15_Prah73.shp ID_BUD_c LONG # # # # NULLABLE NON_REQUIRED #</Process><Process ToolSource="c:\esri\arcgis\desktop10.3\ArcToolbox\Toolboxes\Data Management Tools.tbx\CalculateField" Date="20151221" Time="141855">CalculateField K:\2015\Projekty_IPR\3D_model\publikace\budovy_shp\bd15_Prah73.shp ID_BUD_c !ID_BUD! PYTHON_9.3 #</Process><Process ToolSource="c:\esri\arcgis\desktop10.3\ArcToolbox\Toolboxes\Data Management Tools.tbx\AddField" Date="20151221" Time="141901">AddField K:\2015\Projekty_IPR\3D_model\publikace\budovy_shp\bd15_Prah73.shp SKUPINA_c SHORT # # # # NULLABLE NON_REQUIRED #</Process><Process ToolSource="c:\esri\arcgis\desktop10.3\ArcToolbox\Toolboxes\Data Management Tools.tbx\CalculateField" Date="20151221" Time="141925">CalculateField K:\2015\Projekty_IPR\3D_model\publikace\budovy_shp\bd15_Prah73.shp SKUPINA_c !SKUPINA! PYTHON_9.3 #</Process><Process ToolSource="c:\esri\arcgis\desktop10.3\ArcToolbox\Toolboxes\Data Management Tools.tbx\DeleteField" Date="20151221" Time="142030">DeleteField K:\2015\Projekty_IPR\3D_model\publikace\budovy_shp\bd15_Prah73.shp BUD_052_ID;BUD_ID_all;BUD_ID_opr;CBD3;CDOM;CKU;CML_B;COUNT_BUD_;ID_BUD_all;ID_FACE;ID_opraven;STAV;ZME_MAP;ZME_TAB;ID_BUD;SKUPINA;FeatId1;KU_CISLO</Process><Process ToolSource="c:\esri\arcgis\desktop10.3\ArcToolbox\Toolboxes\Data Management Tools.tbx\AddField" Date="20151221" Time="142032">AddField K:\2015\Projekty_IPR\3D_model\publikace\budovy_shp\bd15_Prah73.shp ID_BUD LONG # # # # NULLABLE NON_REQUIRED #</Process><Process ToolSource="c:\esri\arcgis\desktop10.3\ArcToolbox\Toolboxes\Data Management Tools.tbx\CalculateField" Date="20151221" Time="142042">CalculateField K:\2015\Projekty_IPR\3D_model\publikace\budovy_shp\bd15_Prah73.shp ID_BUD !ID_BUD_c! PYTHON_9.3 #</Process><Process ToolSource="c:\esri\arcgis\desktop10.3\ArcToolbox\Toolboxes\Data Management Tools.tbx\AddField" Date="20151221" Time="142046">AddField K:\2015\Projekty_IPR\3D_model\publikace\budovy_shp\bd15_Prah73.shp SKUPINA SHORT # # # # NULLABLE NON_REQUIRED #</Process><Process ToolSource="c:\esri\arcgis\desktop10.3\ArcToolbox\Toolboxes\Data Management Tools.tbx\CalculateField" Date="20151221" Time="142054">CalculateField K:\2015\Projekty_IPR\3D_model\publikace\budovy_shp\bd15_Prah73.shp SKUPINA !SKUPINA_c! PYTHON_9.3 #</Process><Process ToolSource="c:\esri\arcgis\desktop10.3\ArcToolbox\Toolboxes\Data Management Tools.tbx\AddField" Date="20151221" Time="142056">AddField K:\2015\Projekty_IPR\3D_model\publikace\budovy_shp\bd15_Prah73.shp KATUZE_KOD LONG # # # # NULLABLE NON_REQUIRED #</Process><Process ToolSource="c:\esri\arcgis\desktop10.3\ArcToolbox\Toolboxes\Data Management Tools.tbx\CalculateField" Date="20151221" Time="142109">CalculateField K:\2015\Projekty_IPR\3D_model\publikace\budovy_shp\bd15_Prah73.shp KATUZE_KOD !KU_KOD_3d! PYTHON_9.3 #</Process><Process ToolSource="c:\esri\arcgis\desktop10.3\ArcToolbox\Toolboxes\Data Management Tools.tbx\DeleteField" Date="20151221" Time="142115">DeleteField K:\2015\Projekty_IPR\3D_model\publikace\budovy_shp\bd15_Prah73.shp ID_BUD_c;SKUPINA_c;KU_KOD_3d</Process><Process ToolSource="c:\esri\arcgis\desktop10.3\ArcToolbox\Toolboxes\Data Management Tools.tbx\Copy" Date="20151221" Time="142118">Copy K:\2015\Projekty_IPR\3D_model\publikace\budovy_shp\bd15_Prah73.shp K:\2015\Projekty_IPR\3D_model\publikace\budovy_shp_zpracovane\bd15_Prah73.shp ShapeFile</Process><Process ToolSource="c:\esri\arcgis\desktop10.3\ArcToolbox\Toolboxes\Data Management Tools.tbx\DefineProjection" Date="20151229" Time="100159">DefineProjection K:\2015\Projekty_IPR\3D_model\publikace\budovy_shp_zpracovane\bd15_Prah73.shp PROJCS['S-JTSK_Krovak_East_North',GEOGCS['GCS_S_JTSK',DATUM['D_S_JTSK',SPHEROID['Bessel_1841',6377397.155,299.1528128]],PRIMEM['Greenwich',0.0],UNIT['Degree',0.0174532925199433]],PROJECTION['Krovak'],PARAMETER['False_Easting',0.0],PARAMETER['False_Northing',0.0],PARAMETER['Pseudo_Standard_Parallel_1',78.5],PARAMETER['Scale_Factor',0.9999],PARAMETER['Azimuth',30.28813975277778],PARAMETER['Longitude_Of_Center',24.83333333333333],PARAMETER['Latitude_Of_Center',49.5],PARAMETER['X_Scale',-1.0],PARAMETER['Y_Scale',1.0],PARAMETER['XY_Plane_Rotation',90.0],UNIT['Meter',1.0]]</Process><Process ToolSource="c:\esri\arcgis\desktop10.3\ArcToolbox\Toolboxes\Data Management Tools.tbx\CalculateField" Date="20151230" Time="164325">CalculateField K:\2015\Projekty_IPR\3D_model\publikace\budovy_shp_zpracovane\bd15_Prah73.shp Shape_Leng !shape.length! PYTHON_9.3 #</Process><Process ToolSource="c:\esri\arcgis\desktop10.3\ArcToolbox\Toolboxes\Data Management Tools.tbx\CalculateField" Date="20151230" Time="164345">CalculateField K:\2015\Projekty_IPR\3D_model\publikace\budovy_shp_zpracovane\bd15_Prah73.shp Shape_Area !shape.area! PYTHON_9.3 #</Process><Process ToolSource="c:\esri\arcgis\desktop10.3\ArcToolbox\Toolboxes\Data Management Tools.tbx\Copy" Date="20151230" Time="164347">Copy K:\2015\Projekty_IPR\3D_model\publikace\budovy_shp_zpracovane\bd15_Prah73.shp K:\2015\Projekty_IPR\3D_model\publikace\budovy_shp_zpracovane2\bd15_Prah73.shp ShapeFile</Process></lineage><itemProps><itemLocation><linkage Sync="TRUE">file://\\urm.mepnet.cz\WrkSpc\KPD\2015\Projekty_IPR\3D_model\publikace\budovy_shp_zpracovane2\bd15_Prah73</linkage><protocol Sync="TRUE">Local Area Network</protocol></itemLocation></itemProps><copyHistory><copy source="K:\2015\Projekty_IPR\3D_model\publikace\budovy_shp_zpracovane\bd15_Prah73" dest="\\urm.mepnet.cz\WrkSpc\KPD\2015\Projekty_IPR\3D_model\publikace\budovy_shp_zpracovane2\bd15_Prah73" date="20151230" time="16434700"></copy></copyHistory></DataProperties></Esri></metadata>
